City_ID,City,Lat,Lng,Max Temp,Humidity,Cloudiness,Wind Speed,Country,Date
0,luderitz,-26.6481,15.1594,17.18,87,13,4.14,NA,1667793929
1,saint george,37.1041,-113.5841,20.24,28,0,5.66,US,1667829893
2,port alfred,-33.5906,26.891,18.43,90,100,1.79,ZA,1667790436
3,hithadhoo,-0.6,73.0833,27.69,78,87,7.79,MV,1667782031
4,coquimbo,-29.9533,-71.3436,15.85,77,100,4.63,CL,1667814370
5,anloga,5.7947,0.8973,27.93,76,72,4.73,GH,1667799804
6,cravo norte,6.3017,-70.2041,32.34,48,63,3.04,CO,1667816906
7,kapaa,22.0752,-159.319,25.06,85,40,6.17,US,1667839478
8,parauna,-16.9478,-50.4486,33.2,21,8,2.68,BR,1667810484
9,atuona,-9.8,-139.0333,24.77,69,84,5.56,PF,1667832281
10,vaini,-21.2,-175.2,22.09,88,20,2.06,TO,1667926448
11,la ronge,55.1001,-105.2842,-14.88,72,40,2.57,CA,1667830659
12,kaitangata,-46.2817,169.8464,9.3,89,84,1.82,NZ,1667840837
13,saskylakh,71.9167,114.0833,-31.1,100,58,2.02,RU,1667872976
14,nikolskoye,59.7035,30.7861,5.94,83,100,4.34,RU,1667799135
15,tavda,58.0425,65.2726,-9.17,100,80,2.13,RU,1667790379
16,busselton,-33.65,115.3333,12.19,90,79,4.92,AU,1667855567
17,megion,61.0296,76.1136,-2.99,93,98,2.32,RU,1667788649
18,chuy,-33.6971,-53.4616,19.9,55,6,6.05,UY,1667809698
19,cabo san lucas,22.8909,-109.9124,27.01,62,10,2.33,MX,1667827682
20,hermanus,-34.4187,19.2345,17.11,82,31,6.53,ZA,1667792184
21,klaksvik,62.2266,-6.589,9.51,93,95,13.9,FO,1667808947
22,moree,-29.4667,149.85,16.32,70,70,4.32,AU,1667847715
23,albany,42.6001,-73.9662,21.33,36,0,0.89,US,1667821030
24,caseiu,47.1833,23.8667,10.46,83,98,1.64,RO,1667798169
25,atambua,-9.1061,124.8925,24.26,85,100,1.17,ID,1667855388
26,saint anthony,45.0205,-93.218,2.18,60,0,2.06,US,1667825981
27,palana,59.1167,159.9667,-2.1,64,100,7.25,RU,1667854456
28,vila velha,-20.3297,-40.2925,24.97,77,20,4.63,BR,1667807777
29,fare,-16.7,-151.0167,25.7,78,25,4.94,PF,1667834634
30,severo-kurilsk,50.6789,156.125,2.14,73,94,6.35,RU,1667853466
31,mount gambier,-37.8333,140.7667,13.01,88,6,2.76,AU,1667848990
32,alice springs,-23.7,133.8833,21.75,20,8,2.06,AU,1667852076
33,punta arenas,-53.15,-70.9167,18.06,45,75,8.23,CL,1667810945
34,odolena voda,50.2334,14.4108,11.08,84,40,3.09,CZ,1667800937
35,barcelos,41.5388,-8.6151,18.08,87,76,5.65,PT,1667805198
36,muisne,0.6,-80.0333,25.62,72,86,4.8,EC,1667818864
37,bluff,-46.6,168.3333,11.52,85,84,3.64,NZ,1667841147
38,cape town,-33.9258,18.4232,19.23,70,0,4.63,ZA,1667792431
39,potoci,43.4086,17.8786,14.73,67,0,0.51,BA,1667799073
40,atasu,48.6814,71.6433,-2.2,70,88,2.68,KZ,1667786925
41,barrow,71.2906,-156.7887,-3.99,86,100,4.12,US,1667850702
42,sao domingos,-13.3983,-46.3183,29.37,44,99,0.16,BR,1667809765
43,palmer,42.1584,-72.3287,23.69,41,36,1.34,US,1667820580
44,santa cruz de la palma,28.6835,-17.7642,23.41,78,75,1.54,ES,1667806051
45,rikitea,-23.1203,-134.9692,22.62,91,100,10.74,PF,1667830258
46,khatanga,71.9667,102.5,-14.2,96,100,2.57,RU,1667875839
47,tukrah,32.5341,20.5791,20.55,70,19,4.03,LY,1667797202
48,arraial do cabo,-22.9661,-42.0278,22.98,68,75,3.09,BR,1667807973
49,avera,33.194,-82.5271,26.42,54,0,2.98,US,1667822028
50,nago,26.5881,127.9761,23.03,83,98,5.24,JP,1667857314
51,mirnyy,62.5353,113.9611,-12.09,85,100,1.15,RU,1667866646
52,atar,20.5169,-13.0499,32.7,12,0,3.01,MR,1667804235
53,naze,28.3667,129.4833,17.51,72,32,4.24,JP,1667857110
54,qaanaaq,77.484,-69.3632,-18.4,93,100,4.63,GL,0
55,cayenne,4.9333,-52.3333,32.02,58,0,2.06,GF,1667812520
56,qesarya,32.5189,34.9046,21.96,57,0,2.68,IL,1667793760
57,avarua,-21.2078,-159.775,23.03,78,66,0.51,CK,1667836372
58,puerto ayora,-0.7393,-90.3518,23.98,82,52,2.24,EC,1667821247
59,port lincoln,-34.7333,135.8667,19.4,61,88,6.4,AU,1667850523
60,sigli,5.3848,95.9609,25.81,86,99,2.74,ID,1667863368
61,buchanan,5.8808,-10.0467,25.96,86,93,2.3,LR,1667802437
62,mataura,-46.1927,168.8643,8.87,98,95,0.14,NZ,1667841087
63,college,64.8569,-147.8028,-10.61,75,75,1.54,US,1667843985
64,along,28.1667,94.7667,15.35,89,1,0.77,IN,1667778983
65,balkanabat,39.5108,54.3671,8.06,47,4,1.04,TM,1667789826
66,saint-philippe,-21.3585,55.7679,23.77,81,66,4.87,RE,1667784644
67,zyryanka,65.75,150.85,-24.62,98,87,3.73,RU,1667859177
68,mar del plata,-38.0023,-57.5575,26.02,70,0,9.77,AR,1667810193
69,lagoa,39.05,-27.9833,17.38,61,100,9.19,PT,1667809552
70,saldanha,-33.0117,17.9442,16.41,85,14,4.11,ZA,1667792643
71,araouane,18.9048,-3.5265,27.29,11,20,3.05,ML,1667801823
72,caravelas,-17.7125,-39.2481,25.17,56,87,4.11,BR,1667807736
73,erzin,36.9559,36.2,16.65,68,100,1.97,TR,1667793903
74,lurgan,54.4608,-6.3294,14.13,83,100,8.88,GB,1667806736
75,jiaozuo,35.2397,113.2331,12.35,51,44,2.28,CN,1667861680
76,praya,14.9215,-23.5087,31.3,35,0,6.17,CV,1667806319
77,butaritari,3.0707,172.7902,26.51,76,23,3.46,KI,1667844763
78,ushuaia,-54.8,-68.3,15.81,44,0,7.72,AR,1667809932
79,hearst,49.6835,-83.6665,0.14,78,94,5.84,CA,1667824408
80,baisha,26.5222,110.9311,16.44,69,0,0.42,CN,1667861401
81,bredasdorp,-34.5322,20.0403,16.62,79,7,5.24,ZA,1667791978
82,bonito,-21.1211,-56.4819,32.06,18,19,1.99,BR,1667811596
83,ibimirim,-8.5406,-37.6903,24.72,69,96,6.13,BR,1667808053
84,ardesen,41.1911,40.9875,16.19,57,100,1.91,TR,1667793240
85,airai,-8.9266,125.4092,16.34,87,100,0.56,TL,1667855277
86,tautira,-17.7333,-149.15,24.57,87,67,6.19,PF,1667834105
87,qaqortoq,60.7167,-46.0333,-1.87,92,95,1.04,GL,1667817918
88,maragogi,-9.0122,-35.2225,27.16,68,95,3.97,BR,1667807427
89,ostrovnoy,68.0531,39.5131,-1.94,96,82,2.29,RU,1667800654
90,torbay,47.6666,-52.7314,16.53,91,100,10.29,CA,1667816647
91,raton,36.9034,-104.4391,10.19,93,100,5.66,US,1667827675
92,hobart,-42.8794,147.3294,10.92,94,52,3.6,AU,1667846754
93,sesquile,5.0475,-73.8008,18.3,65,86,2.14,CO,1667817681
94,sao joao da barra,-21.6403,-41.0511,26.05,66,42,5.62,BR,1667807850
95,port elizabeth,-33.918,25.5701,20.05,82,0,7.2,ZA,1667790718
96,carmen,18.6333,-91.8333,27.37,71,35,2.37,MX,1667823003
97,dunedin,-45.8742,170.5036,12.11,78,77,1.7,NZ,1667840745
98,pimentel,-6.8367,-79.9342,22.16,60,0,5.66,PE,1667818314
99,chulman,56.8479,124.9104,-15.53,98,97,1.18,RU,1667862273
100,zhigansk,66.7697,123.3711,-25.25,97,98,2.43,RU,1667866339
101,sola,-13.8833,167.55,26.44,77,86,4.79,VU,1667844794
102,cherskiy,68.75,161.3,-22.23,99,59,1.37,RU,1667858489
103,marfino,55.7028,37.3822,2.19,92,100,3.0,RU,1667796506
104,ahipara,-35.1667,173.1667,14.4,91,100,6.23,NZ,1667841528
105,dabat,12.9842,37.765,13.61,52,15,0.49,ET,1667791467
106,lebu,-37.6167,-73.65,15.26,65,9,5.02,CL,1667814099
107,hilo,19.7297,-155.09,22.57,92,100,3.09,US,1667838275
108,nouakchott,18.0858,-15.9785,28.96,52,0,5.03,MR,1667804749
109,sorong,-0.8833,131.25,26.43,82,99,1.76,ID,1667854453
110,rio grande,-32.035,-52.0986,23.06,65,9,7.3,BR,1667809545
111,tasiilaq,65.6145,-37.6368,-0.91,96,100,4.51,GL,1667817842
112,waipawa,-41.4122,175.5153,9.2,88,4,1.15,NZ,1667840199
113,castro,-24.7911,-50.0119,19.45,46,20,3.67,BR,1667809730
114,nouadhibou,20.931,-17.0347,24.99,57,0,6.69,MR,1667805224
115,lasa,46.6166,10.7002,9.49,70,61,0.46,IT,1667801247
116,lorengau,-2.0226,147.2712,27.81,76,89,2.93,PG,1667850527
117,yagodnoye,62.55,149.6667,-19.32,99,100,1.07,RU,1667858065
118,yellowknife,62.456,-114.3525,-15.71,85,100,3.09,CA,1667834947
119,georgetown,5.4112,100.3354,27.35,89,20,1.54,MY,1667862320
120,novaya igirma,57.1334,103.9112,-4.9,86,89,4.68,RU,1667867392
121,yulara,-25.2406,130.9889,23.5,48,61,3.12,AU,1667852634
122,eureka,40.8021,-124.1637,9.4,91,97,3.58,US,1667832862
123,fortuna,40.5982,-124.1573,9.25,93,95,4.47,US,1667832835
124,taltal,-25.4,-70.4833,17.98,71,39,2.61,CL,1667814588
125,talnakh,69.4865,88.3972,-13.77,96,100,2.26,RU,1667876620
126,keuruu,62.2667,24.7,7.11,89,100,3.22,FI,1667801437
127,longyearbyen,78.2186,15.6401,-3.09,80,75,6.17,SJ,0
128,cap malheureux,-19.9842,57.6142,24.15,71,1,1.79,MU,1667784314
129,kodiak,57.79,-152.4072,3.73,70,100,6.17,US,1667842640
130,kalemie,-5.9475,29.1947,22.36,84,92,2.24,CD,1667792188
131,marawi,7.9986,124.2928,20.51,93,99,1.06,PH,1667856754
132,lomza,53.1781,22.0593,6.04,86,68,3.66,PL,1667799648
133,umm lajj,25.0213,37.2685,24.7,59,0,3.77,SA,1667792519
134,port blair,11.6667,92.75,27.02,83,40,1.03,IN,1667778172
135,sao sepe,-30.1606,-53.5653,23.04,45,67,5.61,BR,1667810085
136,wajir,1.7471,40.0573,31.94,39,86,3.88,KE,1667790121
137,bayir,37.2687,28.2167,12.29,75,70,1.63,TR,1667795854
138,kibre mengist,5.8833,38.9833,14.99,87,87,0.27,ET,1667790668
139,bud,39.447,-86.1758,16.97,25,12,4.28,US,1667823575
140,garowe,8.4054,48.4845,25.08,64,6,6.48,SO,1667788565
141,vuktyl,63.8567,57.3094,-3.14,96,99,3.07,RU,1667794208
142,kavieng,-2.5744,150.7967,28.04,75,100,3.04,PG,1667849642
143,boa vista,2.8197,-60.6733,30.99,58,40,3.09,BR,1667814373
144,thompson,55.7435,-97.8558,-15.91,72,20,3.09,CA,1667829021
145,san patricio,28.017,-97.5169,30.6,56,1,6.0,US,1667825142
146,hanzhong,33.0728,107.0303,13.99,94,100,0.94,CN,1667862948
147,nome,64.5011,-165.4064,-2.69,93,100,11.83,US,1667848058
148,ribeira grande,38.5167,-28.7,18.76,82,75,7.72,PT,1667809663
149,gornopravdinsk,60.05,69.9,-8.16,99,64,1.85,RU,1667789835
150,velasco ibarra,-1.05,-79.6167,32.48,39,11,1.84,EC,1667818648
151,faanui,-16.4833,-151.75,25.77,78,13,4.43,PF,1667834827
152,lima,-12.0432,-77.0282,18.14,68,0,4.63,PE,1667817236
153,hamilton,39.1834,-84.5333,19.06,31,0,5.14,US,1667823150
154,provideniya,64.3833,-173.3,-1.7,95,100,12.86,RU,1667936504
155,dosso,13.049,3.1937,28.18,14,13,3.45,NE,1667799771
156,helong,42.5397,128.9972,-1.22,82,13,2.18,CN,1667858744
157,anadyr,64.75,177.4833,-0.72,92,75,4.0,RU,1667852287
158,ponyri,52.3186,36.3039,1.88,79,100,2.9,RU,1667796056
159,puerto leguizamo,-0.1934,-74.7819,31.43,49,80,1.41,CO,1667817548
160,dikson,73.5069,80.5464,-15.26,93,100,5.44,RU,1667883968
161,port hawkesbury,45.6169,-61.3485,20.33,81,75,7.72,CA,1667818410
162,uitenhage,-33.7576,25.3971,19.67,75,100,3.68,ZA,1667790776
163,buta,2.7858,24.73,20.75,99,100,0.66,CD,1667793872
164,olinda,-8.0089,-34.8553,29.85,62,40,3.6,BR,1667807411
165,oskemen,49.9565,82.6119,-1.02,100,100,0.0,KZ,1667784502
166,bin qirdan,33.1378,11.2197,20.27,49,0,3.24,TN,1667799508
167,pacific grove,36.6177,-121.9166,13.14,85,75,2.06,US,1667831842
168,sterling,39.0062,-77.4286,26.41,35,20,4.12,US,1667821423
169,zarautz,43.2844,-2.1699,20.97,62,82,3.81,ES,1667803873
170,kisangani,0.5167,25.2,21.73,94,100,0.93,CD,1667793601
171,isangel,-19.55,169.2667,25.23,84,91,2.56,VU,1667843936
172,uzunovo,54.5386,38.6173,4.8,94,100,3.11,RU,1667795951
173,woodward,36.4337,-99.3904,14.98,59,0,3.6,US,1667826412
174,kazerun,29.6195,51.6541,18.81,42,45,1.09,IR,1667789466
175,ballina,-28.8667,153.5667,13.34,98,17,1.61,AU,1667846882
176,talas,38.6908,35.5538,8.37,71,75,4.63,TR,1667794250
177,necochea,-38.5473,-58.7368,26.55,31,3,6.58,AR,1667810410
178,goba,7.0167,39.9833,9.54,87,80,1.68,ET,1667790508
179,tungor,53.3808,142.9564,-4.61,69,97,6.8,RU,1667857149
180,omboue,-1.5746,9.2618,25.46,89,89,3.45,GA,1667797280
181,ati,13.2154,18.3353,32.46,16,71,4.01,TD,1667796148
182,carnarvon,-24.8667,113.6333,18.57,65,8,6.0,AU,1667856832
183,mahebourg,-20.4081,57.7,24.16,78,40,3.09,MU,1667784259
184,russell,32.3502,-85.1999,28.6,49,8,2.6,US,1667822587
185,bethel,41.3712,-73.414,24.68,43,0,4.63,US,1667820742
186,beausejour,50.0622,-96.5167,-3.98,74,59,2.14,CA,1667827561
187,kavaratti,10.5669,72.642,27.88,70,52,2.22,IN,1667782920
188,chokurdakh,70.6333,147.9167,-22.78,91,100,5.91,RU,1667863326
189,ponta do sol,32.6667,-17.1,22.78,88,99,0.85,PT,1667806263
190,port-gentil,-0.7193,8.7815,26.98,89,40,4.63,GA,1667797455
191,lasem,-6.6922,111.4527,25.93,82,100,1.6,ID,1667858789
192,haines junction,60.7522,-137.5108,-29.03,76,35,1.03,CA,1667839925
193,la paz,-16.5,-68.15,18.99,25,40,3.6,BO,1667814766
194,namatanai,-3.6667,152.4333,26.15,82,84,0.88,PG,1667849171
195,sinnamary,5.3833,-52.95,27.75,73,91,5.43,GF,1667812700
196,sitka,57.0531,-135.33,-1.06,31,0,2.06,US,1667838345
197,new norfolk,-42.7826,147.0587,12.06,88,38,1.45,AU,1667846833
198,glendive,47.1053,-104.7125,-5.21,86,100,7.72,US,1667829049
199,bengkulu,-3.8004,102.2655,23.51,94,100,2.17,ID,1667861202
200,jamestown,42.097,-79.2353,14.73,33,0,6.17,US,1667822231
201,sorland,67.667,12.6934,6.92,68,42,10.65,NO,1667806865
202,esperance,-33.8667,121.9,14.91,87,98,5.92,AU,1667853968
203,naryan-mar,67.6713,53.087,-0.57,98,100,5.48,RU,1667797145
204,orange walk,17.8333,-88.8333,29.83,53,8,1.64,BZ,1667822221
205,victoria,22.2855,114.1577,21.81,91,66,0.89,HK,1667860269
206,iqaluit,63.7506,-68.5145,-5.15,58,75,8.75,CA,1667824429
207,kangavar,34.5043,47.9653,9.18,29,0,0.61,IR,1667790820
208,foumbot,5.5079,10.6356,20.72,76,81,1.04,CM,1667797446
209,thaba nchu,-29.2093,26.839,14.37,75,100,2.77,ZA,1667790889
210,nayoro,44.3506,142.4578,1.74,90,65,2.2,JP,1667855754
211,kruisfontein,-34.0033,24.7314,18.82,79,98,2.78,ZA,1667790910
212,lavrentiya,65.5833,-171.0,-2.24,96,100,9.45,RU,1667936531
213,santa fe,-31.6333,-60.7,28.9,30,21,2.24,AR,1667811649
214,kiama,-34.6833,150.8667,17.22,86,30,0.89,AU,1667846931
215,broken hill,-31.95,141.4333,17.74,66,1,4.5,AU,1667849485
216,bela,25.9333,81.9833,22.06,50,46,1.49,IN,1667781859
217,matagami,49.7502,-77.6328,1.06,93,100,8.23,CA,1667822970
218,antofagasta,-23.65,-70.4,17.6,69,19,4.58,CL,1667814721
219,dzidzantun,21.25,-89.05,29.1,63,12,2.97,MX,1667822540
220,pevek,69.7008,170.3133,-14.89,93,9,3.15,RU,1667857068
221,geraldton,-28.7667,114.6,17.23,82,40,4.12,AU,1667856239
222,flin flon,54.7682,-101.865,-14.09,78,75,3.6,CA,1667829764
223,bowen,-20.0167,148.2333,23.1,72,1,6.58,AU,1667848945
224,port hardy,50.6996,-127.4199,1.1,55,20,8.75,CA,1667835099
225,bouafle,6.9904,-5.7442,31.01,78,93,0.93,CI,1667801482
226,yatou,37.15,122.3833,10.6,89,0,1.87,CN,1667859688
227,te anau,-45.4167,167.7167,8.04,92,92,0.23,NZ,1667841486
228,yaan,7.3833,8.5667,27.52,38,67,0.58,NG,1667798075
229,nishihara,26.1842,127.7558,22.6,83,100,4.12,JP,1667857332
230,kununurra,-15.7667,128.7333,25.99,83,17,0.51,AU,1667853963
231,katsuura,35.1333,140.3,16.85,84,50,3.83,JP,1667855168
232,chulumani,-16.4096,-67.5263,25.55,40,31,3.12,BO,1667814624
233,vestmannaeyjar,63.4427,-20.2734,7.55,76,100,6.17,IS,1667812700
234,povenets,62.8487,34.8262,5.31,97,100,5.22,RU,1667799217
235,christchurch,-43.5333,172.6333,10.23,85,100,3.6,NZ,1667840592
236,harlingen,26.1906,-97.6961,31.05,87,25,6.15,US,1667825025
237,camacha,33.0833,-16.3333,18.68,88,40,2.06,PT,1667806120
238,esqueda,30.7167,-109.5833,20.88,25,91,3.21,MX,1667828286
239,komsomolskiy,40.4272,71.7189,11.4,71,40,2.06,UZ,1667785766
240,san cristobal,7.7669,-72.225,27.1,54,56,2.7,VE,1667817495
241,tigil,57.8,158.6667,-8.25,96,68,3.41,RU,1667854404
242,banda aceh,5.5577,95.3222,26.19,81,100,2.87,ID,1667863534
243,hargeysa,9.56,44.065,19.94,83,2,5.19,SO,1667789708
244,izhma,65.0083,53.9113,-0.31,96,100,3.13,RU,1667795527
245,berlevag,70.8578,29.0864,0.97,93,100,1.03,NO,1667805429
246,male,4.1748,73.5089,27.97,78,75,3.09,MV,1667782261
247,kozhva,65.1073,57.0459,-3.47,96,100,3.25,RU,1667794819
248,tuktoyaktuk,69.4541,-133.0374,-17.0,78,40,4.12,CA,1667843219
249,los llanos de aridane,28.6585,-17.9182,21.74,83,75,1.54,ES,1667806085
250,east london,-33.0153,27.9116,21.52,94,0,3.6,ZA,1667790252
251,obera,-27.4871,-55.1199,26.78,26,0,2.59,AR,1667810712
252,strelka,58.0728,93.0344,-4.96,96,91,2.37,RU,1667870254
253,sydney,-33.8679,151.2073,16.82,84,12,0.45,AU,1667846938
254,abha,18.2164,42.5053,17.9,82,0,0.0,SA,1667790719
255,beyneu,45.3167,55.2,1.96,64,41,3.3,KZ,1667790368
256,bathsheba,13.2167,-59.5167,28.24,74,83,7.7,BB,1667814837
257,polonnaruwa,7.9333,81.0,23.57,94,79,0.69,LK,1667780727
258,linhares,-19.3911,-40.0722,25.82,52,86,4.89,BR,1667807800
259,aklavik,68.2191,-135.0107,-20.0,84,40,2.06,CA,1667842780
260,rio gallegos,-51.6226,-69.2181,23.03,27,75,6.69,AR,1667810866
261,coihueco,-36.6167,-71.8333,24.41,44,0,3.6,CL,1667813780
262,cuiluan,47.72,128.648,-3.27,82,5,2.06,CN,1667859570
263,huicungo,-7.2833,-76.8,31.14,58,20,1.54,PE,1667817529
264,pundaguitan,6.3711,126.1689,27.66,76,91,1.86,PH,1667856187
265,vostok,46.4856,135.8833,-3.41,97,56,2.07,RU,1667857641
266,petrolina,-9.3986,-40.5008,30.03,51,20,3.6,BR,1667808665
267,general cepeda,25.3833,-101.45,23.93,31,0,2.5,MX,1667825857
268,yamada,39.4667,141.95,9.7,78,52,2.09,JP,1667855253
269,lulea,65.5842,22.1547,-1.96,100,0,0.51,SE,1667803441
270,motala,58.5371,15.0365,8.87,83,100,10.33,SE,1667802589
271,torres,-29.3353,-49.7269,18.24,78,40,2.77,BR,1667809244
272,gabu,12.2833,-14.2167,30.71,43,26,0.53,GW,1667803895
273,laguna,38.421,-121.4238,13.49,70,0,4.12,US,1667831923
274,husavik,66.0449,-17.3389,4.07,95,83,3.36,IS,1667813175
275,ilulissat,69.2167,-51.1,-20.39,90,51,2.75,GL,1667823297
276,svetogorsk,61.1121,28.8632,7.43,96,100,4.9,RU,1667800038
277,mosquera,4.7059,-74.2302,18.05,68,75,2.06,CO,1667817760
278,naron,43.5167,-8.1528,18.11,75,73,10.24,ES,1667805341
279,portland,45.5234,-122.6762,6.02,92,100,3.6,US,1667833130
280,constitucion,-35.3333,-72.4167,17.82,65,42,5.04,CL,1667814066
281,boueni,-12.9025,45.0761,26.99,79,22,3.63,YT,1667787871
282,udachnyy,66.4167,112.4,-25.97,100,91,0.94,RU,1667868781
283,safaga,26.7292,33.9365,24.12,42,16,3.38,EG,1667793464
284,bodden town,19.2833,-81.25,30.0,72,75,5.66,KY,1667820512
285,krasnogorodsk,56.8357,28.2822,5.66,92,100,4.1,RU,1667798963
286,warrnambool,-38.3833,142.4833,13.36,89,5,3.98,AU,1667848511
287,half moon bay,37.4636,-122.4286,14.5,71,0,3.09,US,1667832057
288,lompoc,34.6391,-120.4579,15.43,97,100,4.12,US,1667831283
289,fairbanks,64.8378,-147.7164,-10.6,79,75,1.54,US,1667843955
290,nanortalik,60.1432,-45.2371,-1.61,88,82,0.66,GL,1667817546
291,bambous virieux,-20.3428,57.7575,24.14,78,40,3.09,MU,1667784250
292,portadown,54.4241,-6.4412,14.34,84,100,9.31,GB,1667806755
293,hami,42.8,93.45,6.56,32,57,0.31,CN,1667867317
294,sisimiut,66.9395,-53.6735,-10.03,77,42,4.83,GL,1667822405
295,maxixe,-23.8597,35.3472,24.61,83,94,3.73,MZ,1667789333
296,nova olinda do norte,-3.8881,-59.0942,27.34,73,100,1.96,BR,1667813523
297,norman wells,65.282,-126.8329,-24.98,84,20,2.06,CA,1667839140
298,grand gaube,-20.0064,57.6608,24.22,71,1,1.79,MU,1667784301
299,kupang,-10.1667,123.5833,26.59,83,100,2.54,ID,1667855624
300,huesca,42.1362,-0.4087,15.38,69,100,3.09,ES,1667803301
301,igrim,63.1906,64.4162,-4.86,94,99,3.4,RU,1667792231
302,tupancireta,-29.0806,-53.8358,22.5,41,1,4.63,BR,1667810254
303,gazli,40.1333,63.45,7.18,57,52,4.92,UZ,1667787717
304,znamenskoye,57.1281,73.8282,-3.83,96,91,0.61,RU,1667788087
305,ciudad bolivar,8.1222,-63.5497,32.66,47,50,1.43,VE,1667815438
306,tornio,65.8481,24.1466,-1.99,80,27,0.7,FI,1667803093
307,verkhovyna,48.1557,24.7911,9.66,88,91,1.41,UA,1667798098
308,kenai,60.5544,-151.2583,-15.95,92,0,3.09,US,1667843167
309,dwarka,22.2394,68.9678,26.25,61,61,4.95,IN,1667784680
310,payo,-3.7508,103.6372,22.95,99,100,0.69,ID,1667860876
311,vanavara,60.34,102.2797,-5.91,91,100,4.59,RU,1667868696
312,pryozerne,45.2698,36.3303,8.74,63,91,8.08,UA,1667794895
313,contamana,-7.3333,-75.0167,37.67,26,19,0.51,PE,1667817098
314,fuling,29.7022,107.3919,19.92,68,83,0.51,CN,1667862537
315,upernavik,72.7868,-56.1549,-10.25,77,100,1.82,GL,1667828484
316,vardo,70.3705,31.1107,-0.01,93,75,2.06,NO,1667804469
317,bilma,18.6853,12.9164,25.52,16,0,2.73,NE,1667797858
318,manama,26.2154,50.5832,28.1,65,0,4.63,BH,1667789423
319,shimoda,34.6667,138.95,16.01,74,25,4.72,JP,1667855444
320,salym,60.0625,71.4789,-9.03,97,73,1.8,RU,1667789459
321,tessalit,20.1986,1.0114,27.36,11,75,2.91,ML,1667800834
322,boromo,11.75,-2.9333,29.43,17,88,2.78,BF,1667801147
323,adrar,20.5022,-10.0711,28.56,14,67,2.33,MR,1667803519
324,faya,18.3851,42.4509,18.06,77,27,1.22,SA,1667790745
325,verkhnevilyuysk,63.4453,120.3167,-27.25,99,26,1.14,RU,1667865474
326,oriximina,-1.7656,-55.8661,23.73,94,100,0.68,BR,1667812898
327,martapura,-3.4167,114.85,22.65,94,100,0.11,ID,1667858209
328,grenville,12.1167,-61.6167,30.03,76,99,4.11,GD,1667815261
329,areosa,41.7178,-8.8571,16.74,84,77,8.77,PT,1667805278
330,asfi,32.2994,-9.2372,19.39,84,52,2.89,MA,1667804339
331,auki,-8.7676,160.7034,25.15,87,76,2.21,SB,1667846819
332,zaysan,47.4667,84.8667,7.01,49,93,1.72,KZ,1667783557
333,dire,12.2833,-10.9667,31.66,35,52,0.49,ML,1667803114
334,arauco,-37.2463,-73.3175,18.49,51,30,1.68,CL,1667814063
335,axim,4.8699,-2.2405,26.71,79,100,2.84,GH,1667800492
336,leningradskiy,69.3833,178.4167,-11.94,86,55,1.62,RU,1667854854
337,kropotkin,45.4375,40.5756,5.31,67,83,7.25,RU,1667793898
338,rodos,36.4408,28.2225,19.88,69,20,4.63,GR,1667795763
339,verkhnya syrovatka,50.829,34.9586,3.5,73,89,2.56,UA,1667796104
340,neuquen,-38.9516,-68.0591,30.94,25,0,4.12,AR,1667812596
341,sisophon,13.5859,102.9737,22.89,65,77,2.4,KH,1667862279
342,mackenzie,55.2999,-123.1698,-16.88,46,100,6.69,CA,1667835003
343,emerald,-23.5333,148.1667,15.75,77,4,2.6,AU,1667848664
344,tateyama,34.9833,139.8667,17.33,79,28,4.48,JP,1667855256
345,saint-augustin,51.226,-58.6502,14.25,74,73,6.53,CA,1667818669
346,waingapu,-9.6567,120.2641,27.28,78,100,1.02,ID,1667856458
347,baranain,42.8057,-1.6773,17.3,51,0,3.09,ES,1667803692
348,ivybridge,50.3904,-3.9191,14.92,88,99,14.08,GB,1667805369
349,madang,-5.2246,145.7966,23.57,94,100,2.04,PG,1667850653
350,kangaba,11.9333,-8.4167,29.98,30,84,2.44,ML,1667802477
351,jacqueville,5.2052,-4.4146,27.09,78,100,3.87,CI,1667801037
352,pemangkat,1.1667,108.9667,26.34,80,100,1.84,ID,1667859947
353,lagos,6.5833,3.75,30.18,82,100,2.29,NG,1667799175
354,cockburn town,21.4612,-71.1419,26.41,75,19,5.16,TC,1667818257
355,ambilobe,-13.2,49.05,25.29,59,90,3.74,MG,1667786896
356,obidos,-1.9175,-55.5181,24.84,87,100,1.17,BR,1667812803
357,nabire,-3.3667,135.4833,23.98,92,98,1.59,ID,1667853261
358,khambhaliya,22.2072,69.6683,25.99,60,49,4.13,IN,1667784509
359,calama,-22.4667,-68.9333,22.27,10,0,9.77,CL,1667814471
360,garden city,42.3256,-83.331,14.4,33,0,7.2,US,1667823244
361,quatre cocos,-20.2078,57.7625,24.06,73,8,5.16,MU,1667784260
362,choix,26.7092,-108.3219,29.54,23,66,0.28,MX,1667827621
363,key west,24.5557,-81.7826,31.0,67,0,6.69,US,1667821065
364,sobolevo,54.4299,31.8996,4.93,94,100,5.02,RU,1667797542
365,kaeo,-35.1,173.7833,15.18,96,100,7.5,NZ,1667841388
366,chernyshevskiy,63.0128,112.4714,-10.59,96,100,1.05,RU,1667867188
367,townsville,-19.25,146.8,22.49,78,8,2.57,AU,1667849351
368,ishigaki,24.3448,124.1572,23.07,94,97,4.63,JP,1667858039
369,cascais,38.6979,-9.4215,19.17,97,75,5.81,PT,1667805053
370,finote selam,10.7,37.2667,16.11,71,87,1.72,ET,1667791422
371,coihaique,-45.5752,-72.0662,19.34,63,75,4.12,CL,1667812635
372,tiksi,71.6872,128.8694,-17.15,90,100,9.05,RU,1667869108
373,ionia,42.9873,-85.0711,11.19,43,0,7.72,US,1667823748
374,bantry,51.6833,-9.45,9.88,89,100,2.07,IE,1667806931
375,hofn,64.2539,-15.2082,5.01,81,100,9.26,IS,1667811819
376,saint-pierre,-21.3393,55.4781,23.82,73,0,1.54,RE,1667784716
377,ancud,-41.8697,-73.8203,14.48,72,87,3.46,CL,1667813598
378,rorvik,64.8621,11.2373,4.06,81,0,2.57,NO,1667805727
379,san remo,43.8182,7.7612,16.27,77,3,4.87,IT,1667801558
380,kovdor,67.5662,30.4758,-5.16,97,16,1.74,RU,1667802523
381,baturaja,-4.1333,104.1667,23.04,99,100,1.16,ID,1667860722
382,kitgum,3.2783,32.8867,24.32,56,98,0.9,UG,1667791949
383,comodoro rivadavia,-45.8667,-67.5,21.92,37,20,5.14,AR,1667811494
384,pisco,-13.7,-76.2167,20.01,72,0,5.14,PE,1667816917
385,beloha,-25.1667,45.05,23.18,78,15,4.69,MG,1667786891
386,guerrero negro,27.9769,-114.0611,19.78,68,99,4.84,MX,1667829111
387,vanderhoof,54.0166,-124.0198,-14.76,60,100,7.42,CA,1667834926
388,morris,40.8334,-74.5329,24.61,41,0,4.63,US,1667820944
389,vigia del fuerte,6.5789,-76.8863,29.79,67,78,1.95,CO,1667818530
390,tacuarembo,-31.7333,-55.9833,22.59,43,0,6.63,UY,1667810508
391,goleniow,53.5639,14.8285,13.87,82,100,3.6,PL,1667801463
392,ghanzi,-21.5667,21.7833,18.56,73,90,2.36,BW,1667792781
393,warragul,-38.1667,145.9333,12.2,97,8,1.08,AU,1667847710
394,dobson,36.3957,-80.7226,25.82,72,40,3.6,US,1667821924
395,rajec,49.089,18.6401,9.47,87,0,0.51,SK,1667799727
396,mobaye,4.319,21.1786,21.44,97,88,0.85,CF,1667794832
397,tzaneen,-23.8332,30.1635,20.92,82,62,0.92,ZA,1667790579
398,mitsamiouli,-11.3847,43.2844,25.61,81,3,4.45,KM,1667788414
399,banting,2.8167,101.5,27.07,94,99,1.08,MY,1667861856
400,miyazu,35.5333,135.1833,10.04,87,16,1.82,JP,1667856439
401,victor harbor,-35.5667,138.6167,20.38,58,3,4.37,AU,1667849771
402,limbang,4.75,115.0,25.03,98,100,1.01,MY,1667858753
403,kalianget,-7.05,113.9333,27.08,76,100,1.46,ID,1667858168
404,alihe,50.5667,123.7167,-8.09,96,88,1.23,CN,1667861233
405,mugur-aksy,50.35,90.5,-5.54,85,83,2.89,RU,1667869176
406,tongliao,43.6125,122.2653,1.83,40,9,3.4,CN,1667860504
407,eyl,7.9803,49.8164,26.16,76,2,5.25,SO,1667788216
408,nemuro,43.3236,145.575,6.56,70,91,3.27,JP,1667854865
409,sarahan,31.5167,77.8,7.14,47,2,3.09,IN,1667783363
410,stornoway,58.2093,-6.3865,11.98,88,75,4.63,GB,1667807650
411,bama,11.5221,13.6856,27.27,23,33,4.66,NG,1667797141
412,hasaki,35.7333,140.8333,11.22,89,71,3.09,JP,1667855103
413,villa maria,-32.4075,-63.2402,31.01,28,30,5.65,AR,1667812179
414,xinxiang,35.3089,113.8672,11.23,46,14,2.83,CN,1667861535
415,yerbogachen,61.2767,108.0108,-6.15,92,100,4.73,RU,1667867626
416,narasannapeta,18.4167,84.05,22.7,78,82,1.61,IN,1667780760
417,aanekoski,62.6946,25.818,6.49,100,100,0.95,FI,1667801325
418,ulverstone,-41.15,146.1667,11.79,76,54,2.73,AU,1667847272
419,srednekolymsk,67.45,153.6833,-29.77,100,65,0.17,RU,1667859447
420,rapid valley,44.0625,-103.1463,4.65,42,100,12.86,US,1667828234
421,sundargarh,22.1167,84.0333,20.07,67,22,1.6,IN,1667781053
422,kudahuvadhoo,2.6708,72.8944,27.17,78,67,5.6,MV,1667782304
423,leh,34.1667,77.5833,-1.56,65,47,1.56,IN,1667783673
424,beringovskiy,63.05,179.3167,-1.19,97,100,6.83,RU,1667851126
425,arman,59.7,150.1667,-13.32,87,95,3.07,RU,1667856985
426,buala,-8.145,159.5921,25.86,85,94,2.92,SB,1667847131
427,anaconda,46.1285,-112.9423,-5.45,84,100,2.44,US,1667830879
428,teya,60.3778,92.6267,-6.92,95,100,2.01,RU,1667871029
429,george,-33.963,22.4617,17.75,77,75,1.03,ZA,1667791459
430,karasjok,69.4719,25.5112,-0.23,97,81,1.77,NO,1667805046
431,papara,-3.9839,-38.7273,29.22,60,100,4.74,BR,1667808628
432,saint louis,38.6334,-90.4001,16.17,34,40,4.12,US,1667824496
433,nazilli,37.9163,28.3223,14.25,72,49,1.57,TR,1667795900
434,tucuma,-0.1833,-50.05,27.33,83,97,1.51,BR,1667811613
435,polewali,-3.4324,119.3435,24.21,92,100,1.64,ID,1667857130
436,lokosovo,61.1333,74.8167,-7.03,96,92,2.19,RU,1667788995
437,ngunguru,-35.6167,174.5,14.99,92,100,9.13,NZ,1667841158
438,prata,-19.3072,-48.9242,30.01,31,34,5.02,BR,1667809931
439,hovd,48.0056,91.6419,2.09,48,77,4.12,MN,1667868506
440,nicolas bravo,18.45,-88.9167,30.6,47,8,1.22,MX,1667822289
441,nogliki,51.8333,143.1667,-4.24,79,32,5.19,RU,1667856793
442,salto,-31.3833,-57.9667,24.93,44,60,7.15,UY,1667811019
443,nsanje,-16.92,35.262,29.51,50,54,4.02,MW,1667789920
444,kasongo-lunda,-6.4667,16.8167,23.97,80,65,1.35,CD,1667795121
445,yeghegnavan,39.838,44.6253,10.22,53,80,2.56,AM,1667792204
446,sao felix do xingu,-6.6447,-51.995,30.23,55,100,1.57,BR,1667811623
447,tura,25.5198,90.2201,18.36,84,4,1.4,IN,1667779847
448,karatau,43.1667,70.4667,7.82,70,100,9.09,KZ,1667786409
449,maniitsoq,65.4167,-52.9,-8.05,55,0,2.67,GL,1667821418
450,tuatapere,-46.1333,167.6833,9.91,86,96,1.45,NZ,1667841379
451,pochutla,15.7432,-96.4661,32.12,62,26,2.41,MX,1667823895
452,boo,59.3333,18.2833,10.43,92,75,4.63,SE,1667802033
453,meadow lake,34.8014,-106.5436,15.94,34,64,2.23,US,1667827958
454,kiunga,-6.1219,141.2906,22.85,99,100,0.25,PG,1667851669
455,bambanglipuro,-7.95,110.2833,23.67,96,100,1.51,ID,1667858978
456,bilibino,68.0546,166.4372,-22.08,98,32,1.78,RU,1667856765
457,odweyne,9.4092,45.064,24.29,57,5,3.76,SO,1667789458
458,uglekamensk,43.2172,133.2303,0.58,96,76,1.31,RU,1667857817
459,bucarasica,8.041,-72.8654,25.5,67,72,1.68,CO,1667817668
460,ust-nera,64.5667,143.2,-28.55,99,98,1.47,RU,1667860451
461,arlit,18.7369,7.3853,26.94,12,0,4.16,NE,1667799190
462,kuytun,54.3419,101.5036,-3.35,79,100,2.91,RU,1667867315
463,kholm-zhirkovskiy,55.5189,33.4731,2.82,99,100,3.83,RU,1667797404
464,vao,-22.6667,167.4833,23.64,84,86,8.12,NC,1667844104
465,palotina,-24.2839,-53.84,25.61,45,53,0.75,BR,1667810693
466,ribeira brava,32.65,-17.0667,22.78,90,99,0.86,PT,1667806254
467,chunskiy,56.0815,99.6342,-4.15,82,40,3.42,RU,1667868160
468,port augusta,-32.5,137.7667,21.36,36,75,3.49,AU,1667850308
469,arinos,-15.9169,-46.1056,31.46,34,100,0.51,BR,1667809522
470,mayo,38.8876,-76.5119,26.96,33,20,4.12,US,1667821189
471,ascoli piceno,42.8548,13.5749,14.58,82,16,1.63,IT,1667800034
472,atherton,53.5237,-2.4935,14.08,89,100,2.24,GB,1667805618
473,kismayo,-0.3582,42.5454,26.02,84,52,5.98,SO,1667789377
474,yokadouma,3.5167,15.05,22.11,91,98,0.5,CM,1667796247
475,souillac,-20.5167,57.5167,24.21,78,40,3.09,MU,1667784294
476,radcliff,37.8404,-85.9491,21.04,45,0,3.58,US,1667823337
477,parrita,9.5201,-84.3225,30.7,78,96,2.15,CR,1667820524
478,mackay,-21.15,149.2,18.71,71,12,5.74,AU,1667848619
479,leshukonskoye,64.8989,45.7622,0.56,98,100,3.15,RU,1667797438
480,batagay-alyta,67.8006,130.4114,-19.42,88,100,1.44,RU,1667865271
481,jiwani,25.05,61.7417,26.78,77,0,5.74,PK,1667786645
482,abu dhabi,24.4667,54.3667,28.06,80,0,1.54,AE,1667788367
483,codrington,-38.2667,141.9667,13.38,91,6,3.28,AU,1667848649
484,hervey bay,-25.2986,152.8535,18.32,79,12,4.41,AU,1667847384
485,aswan,24.0934,32.907,25.61,23,0,2.57,EG,1667793489
486,dingle,10.9995,122.6711,24.56,92,99,2.64,PH,1667857361
487,san quintin,30.4833,-115.95,19.13,70,78,4.74,MX,1667829793
488,newport,51.5877,-2.9984,14.45,84,97,11.74,GB,1667805363
489,ucar,40.519,47.6542,9.1,77,100,0.72,AZ,1667791557
490,corrente,-3.7367,-43.3394,30.12,62,57,1.32,BR,1667809752
491,berdigestyakh,62.0989,126.6992,-32.24,100,68,0.94,RU,1667863421
492,levelland,33.5873,-102.378,17.88,45,7,4.9,US,1667826834
493,manbij,36.5281,37.9549,14.74,72,100,4.39,SY,1667793435
494,darhan,49.4867,105.9228,-1.33,57,21,3.2,MN,1667865320
495,soufriere,13.8562,-61.0566,29.78,80,40,6.17,LC,1667815254
496,porto novo,6.4965,2.6036,29.9,80,83,3.42,BJ,1667799444
497,preobrazheniye,42.9019,133.9064,4.0,86,34,3.21,RU,1667857613
498,svecha,58.2785,47.5164,-0.06,93,100,3.38,RU,1667794710
499,pafos,34.7667,32.4167,15.88,82,20,3.09,CY,1667794581
500,knysna,-34.0363,23.0471,17.3,83,97,2.37,ZA,1667791310
501,gizo,-8.103,156.8419,27.32,79,100,3.44,SB,1667847794
502,bandar-e lengeh,26.5579,54.8807,29.06,54,29,3.09,IR,1667788420
503,aasiaat,68.7098,-52.8699,-16.42,99,97,3.03,GL,1667823345
504,lata,40.1629,-8.3327,17.26,88,93,2.07,PT,1667804962
505,hokitika,-42.7167,170.9667,9.39,80,72,2.14,NZ,1667841109
506,albacete,38.8333,-2.0,17.33,31,0,2.57,ES,1667803286
507,chapais,49.7834,-74.8492,2.88,78,87,7.94,CA,1667822307
508,salalah,17.0151,54.0924,27.05,78,20,1.03,OM,1667787846
509,tomatlan,19.9333,-105.25,29.74,54,2,1.32,MX,1667826325
510,snyder,32.7179,-100.9176,17.4,55,100,3.6,US,1667826397
511,kota kinabalu,5.9749,116.0724,24.99,94,20,2.24,MY,1667858583
512,mildura,-34.2,142.15,17.37,71,1,4.08,AU,1667849075
513,acapulco,16.8634,-99.8901,29.32,73,9,2.19,MX,1667824802
514,havre-saint-pierre,50.2334,-63.5986,9.2,93,100,1.54,CA,1667819681
515,tecoanapa,16.5167,-98.75,29.23,71,7,3.27,MX,1667824502
516,acari,-15.4311,-74.6158,26.78,41,12,4.85,PE,1667816401
517,cidreira,-30.1811,-50.2056,18.85,70,9,5.94,BR,1667809277
518,kabare,-2.4683,28.8242,16.95,95,96,1.22,CD,1667792522
519,maunabo,18.0072,-65.8993,29.05,84,100,5.21,PR,1667816728
520,mangalam,9.7667,78.6667,25.18,84,93,3.95,IN,1667781417
521,bintulu,3.1667,113.0333,24.23,100,40,0.0,MY,1667859113
522,ankazoabo,-22.2833,44.5167,23.27,74,97,2.39,MG,1667787267
523,lusaka,-15.4067,28.2871,19.57,82,100,1.15,ZM,1667791711
524,north platte,41.1239,-100.7654,7.29,32,75,8.49,US,1667827281
525,roald,62.5833,6.1333,7.87,76,75,3.09,NO,1667806018
526,otradnoye,59.7775,30.8181,6.03,82,100,4.47,RU,1667799150
527,namwala,-15.7504,26.4384,20.07,84,100,1.65,ZM,1667792128
528,amarillo,35.222,-101.8313,14.46,68,40,0.89,US,1667826870
529,touros,-5.1989,-35.4608,28.63,55,74,5.8,BR,1667807758
530,toora-khem,52.4675,96.11,-2.75,97,100,0.59,RU,1667868224
531,kintampo,8.0563,-1.7306,28.14,46,74,1.65,GH,1667800594
532,lucan,53.3592,-6.4389,14.77,82,75,14.92,IE,1667806533
533,nicoya,10.1483,-85.452,26.99,84,100,2.21,CR,1667820841
534,samarai,-10.6167,150.6667,26.8,80,11,2.07,PG,1667849091
535,macaubas,-13.0194,-42.6986,29.24,39,100,1.97,BR,1667808925
536,samfya,-11.3649,29.5565,23.69,65,89,1.76,ZM,1667791710
537,nadym,65.5333,72.5167,-6.32,91,100,4.62,RU,1667791299
538,alofi,-19.0595,-169.9187,19.94,88,15,1.54,NU,1667838982
539,kalmunai,7.4167,81.8167,25.38,84,97,3.08,LK,1667780494
540,petropavlovsk-kamchatskiy,53.0452,158.6483,-4.67,74,40,3.0,RU,1667853310
541,konstantinovka,49.6167,127.9833,-2.57,57,49,2.2,RU,1667860042
542,san diego,32.7153,-117.1573,20.4,79,75,3.6,US,1667830297
543,muros,42.7762,-9.0603,18.24,72,67,12.09,ES,1667805461
544,kibaya,-5.3,36.5667,18.11,78,83,4.27,TZ,1667790465
545,barabinsk,55.3571,78.357,-2.48,96,93,0.74,RU,1667873104
546,xiuyan,40.2928,123.2744,4.42,51,0,1.21,CN,1667859837
547,santa rosa,14.3122,121.1114,27.28,83,82,3.39,PH,1667857979
548,santa cruz,-17.8,-63.1667,33.03,29,0,2.06,BO,1667813469
549,roma,43.2128,-75.4557,17.12,28,0,9.26,US,1667821468
550,kendari,-3.945,122.4989,23.94,93,100,1.59,ID,1667856336
551,narsaq,60.9167,-46.05,0.12,93,96,1.89,GL,1667817987
552,vredendal,-31.6683,18.5012,16.12,81,1,5.44,ZA,1667792647
553,vilyuysk,63.7553,121.6247,-29.53,100,17,1.07,RU,1667865287
554,luleburgaz,41.4039,27.3592,11.6,75,8,2.35,TR,1667796540
555,rampura,30.25,75.2333,21.08,38,1,2.41,IN,1667783861
556,morden,49.1919,-98.1014,-3.09,86,59,3.09,CA,1667827794
557,hirara,24.8,125.2833,24.61,82,97,8.96,JP,1667857807
